,SKU,Name,Description,option1_name,option1_value,option2_name,option2_value,cost_price,Var_inv_No,weight,compared_price,sell_price,tags,vendor_satici,image 1,image 2,image 3,image 4,image 5,image 6,Original_link,Original_Price_TRY
0,121314584-1-None,طقم غطاء لحاف وغطاء وسادة مزدوج قطن 100٪ ألتو رمادي 160.02.01.0291.0,"<p>سارة أندرسون ألتو رمادي 100٪ قطن مزدوج غطاء لحاف ومجموعة وسادة محتويات غطاء لحاف: 200 سم × 220 سم</p>
<p>كيس وسادة: 50 سم × 70 سم (قطعتان)</p>
<p>نوع الخامة: 100٪ قطن. المميزات يمكن غسلها في الغسالة ينصح بغسلها في درجة حرارة 30 درجة.</p>
<p>مناسب للاستخدام في المجفف.</p>
<p>تنظيف جاف.</p>
<p>مناسب للكي.</p>
<p>يمكن إجراء 10 طلبات كحد أقصى لهذا المنتج. يحتفظ مولنا أونلاين بالحق في إلغاء الطلبات التي تزيد عن 10 وحدات.</p>
<p>تم طرح أكثر من 50 سهماً للبيع بسعر الحملة.</p>
<p>يحدد البائع سعر بيع المنتج الذي قمت بفحصه.</p>
<p>يمكن بيع المنتج من قبل أكثر من بائع واحد. يصبح البائع الذي حصل على أعلى الدرجات وفقًا لميزة السعر وسرعة التسليم ومعدلات الإرجاع وجودة الخدمة العامة ، مع مراعاة رضا المستهلك في قائمة المنتجات وصفحات التفاصيل ، هو البائع المرئي. البائعون الآخرون مدرجون كبدائل في صفحة تفاصيل المنتج.</p>
<p>لم يتم تضمين هذا المنتج في حملة الخصم.</p>
",الأبعاد,160 x 220,,,10,7,1.5,12.15,12.15,غطاء لحاف كبير الحجم,Sarah Anderson,https://cdn.dsmcdn.com/ty335/product/media/images/20220217/0/51388260/195277453/1/1_org_zoom.jpg,https://cdn.dsmcdn.com/ty335/product/media/images/20220217/0/51388260/195277453/2/2_org_zoom.jpg,,,,,https://public.trendyol.com/discovery-web-productgw-service/api/productDetail/121314584?storefrontId=1&culture=tr-TR&linearVariants=true,179.99
1,192223939-1-Somon,طقم غطاء لحاف مزدوج من بامينا رانفورس - سلمون YTSGRPIST-1428489,"<p>مجموعة أغطية لحاف Pamena Ranforce ، التي تجمع بين الطاقة السادة والنبيلة لسمك السلمون مع أنماط الخطوط ، تقدم تصميمًا هادئًا وخالد. محتويات ومميزات الطقم نسيج قطني 100٪ لا يتعرق</p>
<p>الألوان لا تتلاشى</p>
<p>نسيج متين يدوم طويلاً</p>
<p>52 كثافة نسج الأسلاك</p>
<p>غطاء اللحاف: 200x220 سم (قطعة واحدة)</p>
<p>كيس وسادة دولاب الموازنة: 50x70 سم (قطعتان)</p>
<p>بياضات السرير غير متضمنة في المجموعة.</p>
<p>تعليمات الغسيل</p>
<p>يوصى بالغسيل عند 30 درجة لا يوجد تبييض يمكن الكي في درجة حرارة متوسطة (150 درجة كحد أقصى) لا يجب القيام بالتجفيف باستخدام التجفيف الجاف.</p>
<p>يمكن إجراء 10 طلبات كحد أقصى لهذا المنتج. يحتفظ مولنا أونلاين بالحق في إلغاء الطلبات التي تزيد عن 10 وحدات.</p>
<p>تم طرح أكثر من 100 سهم للبيع بسعر الحملة.</p>
<p>يحدد البائع سعر بيع المنتج الذي قمت بفحصه.</p>
<p>لم يتم تضمين هذا المنتج في حملة الخصم.</p>
",الأبعاد,200 x 220,,,10,7,1.5,13.5,13.5,غطاء لحاف كبير الحجم,Yataş,https://cdn.dsmcdn.com/ty247/product/media/images/20211116/17/181492260/316263215/1/1_org_zoom.jpg,https://cdn.dsmcdn.com/ty248/product/media/images/20211116/17/181492260/316263215/2/2_org_zoom.jpg,https://cdn.dsmcdn.com/ty247/product/media/images/20211116/17/181492260/316263215/3/3_org_zoom.jpg,https://cdn.dsmcdn.com/ty248/product/media/images/20211116/17/181492260/316263215/4/4_org_zoom.jpg,,,https://public.trendyol.com/discovery-web-productgw-service/api/productDetail/192223939?storefrontId=1&culture=tr-TR&linearVariants=true,199.92
2,192223871-1-Mavi,أفيفا رانفورس طقم غطاء لحاف مزدوج - أزرق YTSGRPIST-1428492,"<p>تلفت مجموعة أغطية اللحاف Aviva Ranforce Duvet Cover Set الانتباه مع التناغم المثالي لتباين الألوان الزاهية ، وتحدث فرقًا في غرف النوم بتصميمها الاستثنائي. محتويات ومميزات الطقم نسيج قطني 100٪ لا يتعرق</p>
<p>استخدام ثنائي الاتجاه</p>
<p>نسيج ناعم غير مهترئ</p>
<p>52 كثافة نسج الأسلاك</p>
<p>غطاء اللحاف: 200x220 سم (قطعة واحدة)</p>
<p>كيس وسادة دولاب الموازنة: 50x70 سم (قطعتان)</p>
<p>بياضات السرير غير متضمنة في المجموعة.</p>
<p>تعليمات الغسيل</p>
<p>يوصى بالغسيل عند 30 درجة لا يوجد تبييض يمكن الكي في درجة حرارة متوسطة (150 درجة كحد أقصى) لا يجب القيام بالتجفيف باستخدام التجفيف الجاف.</p>
<p>يمكن إجراء 10 طلبات كحد أقصى لهذا المنتج. يحتفظ مولنا أونلاين بالحق في إلغاء الطلبات التي تزيد عن 10 وحدات.</p>
<p>تم طرح أكثر من 100 سهم للبيع بسعر الحملة.</p>
<p>يحدد البائع سعر بيع المنتج الذي قمت بفحصه.</p>
<p>لم يتم تضمين هذا المنتج في حملة الخصم.</p>
",الأبعاد,200 x 220,,,10,7,1.5,13.5,13.5,غطاء لحاف كبير الحجم,Yataş,https://cdn.dsmcdn.com/ty248/product/media/images/20211116/17/181492190/316263099/1/1_org_zoom.jpg,https://cdn.dsmcdn.com/ty248/product/media/images/20211116/17/181492190/316263099/2/2_org_zoom.jpg,https://cdn.dsmcdn.com/ty247/product/media/images/20211116/17/181492190/316263099/3/3_org_zoom.jpg,https://cdn.dsmcdn.com/ty247/product/media/images/20211116/17/181492190/316263099/4/4_org_zoom.jpg,,,https://public.trendyol.com/discovery-web-productgw-service/api/productDetail/192223871?storefrontId=1&culture=tr-TR&linearVariants=true,199.92
3,192223945-1-Pembe,Lilya Ranforce طقم غطاء لحاف مزدوج - وردي YTSGRPIST-1428487,"<p>تضيف مجموعة أغطية لحاف Lilya Ranforce أسلوبًا عصريًا إلى غرف النوم مع أنماط الأزهار التي تعكس الأناقة الكلاسيكية والطاقة المهدئة للون الوردي. محتويات ومميزات الطقم نسيج قطني 100٪ لا يتعرق</p>
<p>استخدام ثنائي الاتجاه</p>
<p>نسيج ناعم غير مهترئ</p>
<p>52 كثافة نسج الأسلاك</p>
<p>غطاء اللحاف: 200x220 سم (قطعة واحدة)</p>
<p>كيس وسادة دولاب الموازنة: 50x70 سم (قطعتان)</p>
<p>بياضات السرير غير متضمنة في المجموعة.</p>
<p>تعليمات الغسيل</p>
<p>يوصى بالغسيل عند 30 درجة لا يوجد تبييض يمكن الكي في درجة حرارة متوسطة (150 درجة كحد أقصى) لا يجب القيام بالتجفيف باستخدام التجفيف الجاف.</p>
<p>يمكن إجراء 10 طلبات كحد أقصى لهذا المنتج. يحتفظ مولنا أونلاين بالحق في إلغاء الطلبات التي تزيد عن 10 وحدات.</p>
<p>تم طرح أكثر من 100 سهم للبيع بسعر الحملة.</p>
<p>يحدد البائع سعر بيع المنتج الذي قمت بفحصه.</p>
<p>لم يتم تضمين هذا المنتج في حملة الخصم.</p>
",الأبعاد,200 x 220,,,10,7,1.5,13.5,13.5,غطاء لحاف كبير الحجم,Yataş,https://cdn.dsmcdn.com/ty248/product/media/images/20211116/17/181492263/316263226/1/1_org_zoom.jpg,https://cdn.dsmcdn.com/ty246/product/media/images/20211116/17/181492263/316263226/2/2_org_zoom.jpg,https://cdn.dsmcdn.com/ty246/product/media/images/20211116/17/181492263/316263226/3/3_org_zoom.jpg,https://cdn.dsmcdn.com/ty246/product/media/images/20211116/17/181492263/316263226/4/4_org_zoom.jpg,,,https://public.trendyol.com/discovery-web-productgw-service/api/productDetail/192223945?storefrontId=1&culture=tr-TR&linearVariants=true,199.92
4,192224006-1-Mavi,طقم غطاء لحاف مزدوج من مارفن رانفورس - أزرق YTSGRPIST-1428497,"<p>تعكس مجموعة أغطية لحاف مارفن رانفورس فهماً جمالياً طبيعياً لغرفة نومك بدرجات ألوانها الهادئة وتطبيق النمط الأصلي. محتويات ومميزات الطقم نسيج قطني 100٪ لا يتعرق</p>
<p>استخدام ثنائي الاتجاه</p>
<p>نسيج ناعم غير مهترئ</p>
<p>52 كثافة نسج الأسلاك</p>
<p>غطاء اللحاف: 200x220 سم (قطعة واحدة)</p>
<p>كيس وسادة دولاب الموازنة: 50x70 سم (قطعتان)</p>
<p>بياضات السرير غير متضمنة في المجموعة.</p>
<p>تعليمات الغسيل</p>
<p>يوصى بالغسيل عند 30 درجة لا يوجد تبييض يمكن الكي في درجة حرارة متوسطة (150 درجة كحد أقصى) لا يجب القيام بالتجفيف باستخدام التجفيف الجاف.</p>
<p>يمكن إجراء 10 طلبات كحد أقصى لهذا المنتج. يحتفظ مولنا أونلاين بالحق في إلغاء الطلبات التي تزيد عن 10 وحدات.</p>
<p>تم طرح أكثر من 100 سهم للبيع بسعر الحملة.</p>
<p>يحدد البائع سعر بيع المنتج الذي قمت بفحصه.</p>
<p>لم يتم تضمين هذا المنتج في حملة الخصم.</p>
",الأبعاد,200 x 220,,,10,7,1.5,13.5,13.5,غطاء لحاف كبير الحجم,Yataş,https://cdn.dsmcdn.com/ty246/product/media/images/20211116/17/181492328/316263318/1/1_org_zoom.jpg,https://cdn.dsmcdn.com/ty247/product/media/images/20211116/17/181492328/316263318/2/2_org_zoom.jpg,https://cdn.dsmcdn.com/ty248/product/media/images/20211116/17/181492328/316263318/3/3_org_zoom.jpg,https://cdn.dsmcdn.com/ty247/product/media/images/20211116/17/181492328/316263318/4/4_org_zoom.jpg,,,https://public.trendyol.com/discovery-web-productgw-service/api/productDetail/192224006?storefrontId=1&culture=tr-TR&linearVariants=true,199.92
5,192218196-1-Sarı,Lilya Ranforce طقم غطاء لحاف مزدوج - أصفر YTSGRPIST-1428488,"<p>تضيف مجموعة أغطية لحاف Lilya Ranforce أسلوبًا عصريًا إلى غرف النوم مع أنماط الأزهار التي تعكس الأناقة الكلاسيكية والطاقة المهدئة للون الوردي. محتويات ومميزات الطقم نسيج قطني 100٪ لا يتعرق</p>
<p>استخدام ثنائي الاتجاه</p>
<p>نسيج ناعم غير مهترئ</p>
<p>52 كثافة نسج الأسلاك</p>
<p>غطاء اللحاف: 200x220 سم (قطعة واحدة)</p>
<p>كيس وسادة دولاب الموازنة: 50x70 سم (قطعتان)</p>
<p>بياضات السرير غير متضمنة في المجموعة.</p>
<p>تعليمات الغسيل</p>
<p>يوصى بالغسيل عند 30 درجة لا يوجد تبييض يمكن الكي في درجة حرارة متوسطة (150 درجة كحد أقصى) لا يجب القيام بالتجفيف باستخدام التجفيف الجاف.</p>
<p>يمكن إجراء 10 طلبات كحد أقصى لهذا المنتج. يحتفظ مولنا أونلاين بالحق في إلغاء الطلبات التي تزيد عن 10 وحدات.</p>
<p>تم طرح أكثر من 100 سهم للبيع بسعر الحملة.</p>
<p>يحدد البائع سعر بيع المنتج الذي قمت بفحصه.</p>
<p>لم يتم تضمين هذا المنتج في حملة الخصم.</p>
",الأبعاد,200 x 220,,,10,7,1.5,13.5,13.5,غطاء لحاف كبير الحجم,Yataş,https://cdn.dsmcdn.com/ty248/product/media/images/20211116/17/181486244/316252985/1/1_org_zoom.jpg,https://cdn.dsmcdn.com/ty246/product/media/images/20211116/17/181486244/316252985/2/2_org_zoom.jpg,https://cdn.dsmcdn.com/ty247/product/media/images/20211116/17/181486244/316252985/3/3_org_zoom.jpg,https://cdn.dsmcdn.com/ty248/product/media/images/20211116/17/181486244/316252985/4/4_org_zoom.jpg,,,https://public.trendyol.com/discovery-web-productgw-service/api/productDetail/192218196?storefrontId=1&culture=tr-TR&linearVariants=true,199.92
6,56801056-1-0,طقم غطاء لحاف ووسادة مزدوج من Tasya,"<p>سارة أندرسون تاسيا طقم غطاء لحاف مزدوج ووسادة - محتويات المجموعة ---- - غطاء لحاف: 200 سم × 220 سم</p>
<p>- كيس وسادة: 50 سم × 70 سم (قطعتان)</p>
<p>- ---- الخامة: 100٪ قطن ---- المميزات ---- - قابل للغسل في الغسالة ، ينصح بغسله في درجة حرارة 30 مئوية.</p>
<p>- مناسب للاستخدام في المجفف.</p>
<p>- تنظيف جاف.</p>
<p>- مناسب للكي.</p>
<p>يمكن إجراء 10 طلبات كحد أقصى لهذا المنتج. يحتفظ مولنا أونلاين بالحق في إلغاء الطلبات التي تزيد عن 10 وحدات.</p>
<p>يوجد أقل من 5 أسهم يتم بيعها بسعر الحملة.</p>
<p>يحدد البائع سعر بيع المنتج الذي قمت بفحصه.</p>
<p>يمكن بيع المنتج من قبل أكثر من بائع واحد. يصبح البائع الذي حصل على أعلى الدرجات وفقًا لميزة السعر وسرعة التسليم ومعدلات الإرجاع وجودة الخدمة العامة ، مع مراعاة رضا المستهلك في قائمة المنتجات وصفحات التفاصيل ، هو البائع المرئي. البائعون الآخرون مدرجون كبدائل في صفحة تفاصيل المنتج.</p>
<p>السعر المدرج صالح حتى 28 مارس 2022.</p>
<p>لم يتم تضمين هذا المنتج في حملة الخصم.</p>
",الأبعاد,160 x 220,,,10,7,1.5,13.37,13.37,غطاء لحاف كبير الحجم,Sarah Anderson,https://cdn.dsmcdn.com/ty354/product/media/images/20220310/14/67095073/100563705/1/1_org_zoom.jpg,https://cdn.dsmcdn.com/ty354/product/media/images/20220310/14/67095073/100563705/2/2_org_zoom.jpg,,,,,https://public.trendyol.com/discovery-web-productgw-service/api/productDetail/56801056?storefrontId=1&culture=tr-TR&linearVariants=true,198
7,48880869-1-renkli,طقم غطاء لحاف وغطاء وسادة مزدوج قطن Vella 160.02.01.0199.00,"<p>طقم من غطاء لحاف وغطاء وسادة قطني مزدوج من Sarah Anderson Vella محتويات غطاء اللحاف: 200 سم × 220 سم</p>
<p>كيس وسادة: 50 سم × 70 سم (قطعتان)</p>
<p>الخامة: 100٪ قطن الميزات قابل للغسل في الغسالة ، ينصح بغسله في درجة حرارة 30 مئوية.</p>
<p>مناسب للاستخدام في المجفف.</p>
<p>تنظيف جاف.</p>
<p>مناسب للكي.</p>
<p>لا توجد ملاءات.</p>
<p>يمكن إجراء 10 طلبات كحد أقصى لهذا المنتج. يحتفظ مولنا أونلاين بالحق في إلغاء الطلبات التي تزيد عن 10 وحدات.</p>
<p>يتم عرض أكثر من 10 أسهم للبيع بسعر الحملة.</p>
<p>يحدد البائع سعر بيع المنتج الذي قمت بفحصه.</p>
<p>يمكن بيع المنتج من قبل أكثر من بائع واحد. يصبح البائع الذي حصل على أعلى الدرجات وفقًا لميزة السعر وسرعة التسليم ومعدلات الإرجاع وجودة الخدمة العامة ، مع مراعاة رضا المستهلك في قائمة المنتجات وصفحات التفاصيل ، هو البائع المرئي. البائعون الآخرون مدرجون كبدائل في صفحة تفاصيل المنتج.</p>
",الأبعاد,200x220,,,10,7,1.5,11.75,12.22,غطاء لحاف كبير الحجم,Sarah Anderson,https://cdn.dsmcdn.com/ty340/product/media/images/20220222/17/56211893/86660015/1/1_org_zoom.jpg,https://cdn.dsmcdn.com/ty340/product/media/images/20220222/17/56211893/86660015/2/2_org_zoom.jpg,,,,,https://public.trendyol.com/discovery-web-productgw-service/api/productDetail/48880869?storefrontId=1&culture=tr-TR&linearVariants=true,174
8,121751532-1-None,طقم من غطاء لحاف ووسادة مزدوج قطن 100٪ لون نيلي من لابيس 160.02.01.0353.0,"<p>مجموعة من غطاء لحاف وغطاء وسادة قطني مزدوج من Sarah Anderson Lapis Indigo محتويات غطاء لحاف: 200 سم × 220 سم</p>
<p>كيس وسادة: 50 سم × 70 سم (قطعتان)</p>
<p>الخامة: 100٪ قطن الميزات قابل للغسل في الغسالة. يوصى بالغسيل عند 30 درجة.</p>
<p>مناسب للاستخدام في المجفف.</p>
<p>تنظيف جاف.</p>
<p>يمكن عمل 6 طلبات كحد أقصى لهذا المنتج. يحتفظ مولنا أونلاين بالحق في إلغاء الطلبات التي تزيد عن 6 وحدات.</p>
<p>تم طرح أكثر من 50 سهماً للبيع بسعر الحملة.</p>
<p>يحدد البائع سعر بيع المنتج الذي قمت بفحصه.</p>
<p>لم يتم تضمين هذا المنتج في حملة الخصم.</p>
",الأبعاد,200 x 220,,,10,7,1.5,12.15,12.15,غطاء لحاف كبير الحجم,Sarah Anderson,https://cdn.dsmcdn.com/ty277/product/media/images/20211223/9/15416616/195879447/1/1_org_zoom.jpg,https://cdn.dsmcdn.com/ty278/product/media/images/20211223/9/15416616/195879447/2/2_org_zoom.jpg,https://cdn.dsmcdn.com/ty277/product/media/images/20211223/9/15416616/195879447/3/3_org_zoom.jpg,https://cdn.dsmcdn.com/ty278/product/media/images/20211223/9/15416616/195879447/4/4_org_zoom.jpg,,,https://public.trendyol.com/discovery-web-productgw-service/api/productDetail/121751532?storefrontId=1&culture=tr-TR&linearVariants=true,179.99
9,192223767-1-Pembe,مارشيا رانفورس طقم غطاء لحاف مزدوج - وردي YTSGRPIST-1428788,"<p>تجمع مجموعة أغطية لحاف Marcia Ranforce Duvet Cover بين أنماطها الأصلية والانسجام المثالي بين اللونين الوردي والأبيض ، مما يضفي أناقة هادئة على غرف النوم. محتويات ومميزات الطقم نسيج قطني 100٪ لا يتعرق</p>
<p>استخدام ثنائي الاتجاه</p>
<p>نسيج ناعم غير مهترئ</p>
<p>52 كثافة نسج الأسلاك</p>
<p>غطاء اللحاف: 200x220 سم (قطعة واحدة)</p>
<p>كيس وسادة دولاب الموازنة: 50x70 سم (قطعتان)</p>
<p>بياضات السرير غير متضمنة في المجموعة.</p>
<p>تعليمات الغسيل</p>
<p>يوصى بالغسيل عند 30 درجة لا يوجد تبييض يمكن الكي في درجة حرارة متوسطة (150 درجة كحد أقصى) لا يجب القيام بالتجفيف باستخدام التجفيف الجاف.</p>
<p>يمكن إجراء 10 طلبات كحد أقصى لهذا المنتج. يحتفظ مولنا أونلاين بالحق في إلغاء الطلبات التي تزيد عن 10 وحدات.</p>
<p>تم طرح أكثر من 100 سهم للبيع بسعر الحملة.</p>
<p>يحدد البائع سعر بيع المنتج الذي قمت بفحصه.</p>
<p>لم يتم تضمين هذا المنتج في حملة الخصم.</p>
",الأبعاد,200 x 220,,,10,7,1.5,13.5,13.5,غطاء لحاف كبير الحجم,Yataş,https://cdn.dsmcdn.com/ty247/product/media/images/20211116/17/181492087/316262906/1/1_org_zoom.jpg,https://cdn.dsmcdn.com/ty248/product/media/images/20211116/17/181492087/316262906/2/2_org_zoom.jpg,https://cdn.dsmcdn.com/ty246/product/media/images/20211116/17/181492087/316262906/3/3_org_zoom.jpg,https://cdn.dsmcdn.com/ty247/product/media/images/20211116/17/181492087/316262906/4/4_org_zoom.jpg,,,https://public.trendyol.com/discovery-web-productgw-service/api/productDetail/192223767?storefrontId=1&culture=tr-TR&linearVariants=true,199.92
10,192224460-1-Kiremit,لوبين رانفورس طقم غطاء لحاف مزدوج - بلاط YTSGRPIST-1428495,"<p>تضفي مجموعة أغطية لحاف لوبين رانفورس جماليات الخريف الطبيعية والأصلية على غرف النوم بلمسة أنيقة من ألوان البلاط. محتويات ومميزات الطقم نسيج قطني 100٪ لا يتعرق</p>
<p>استخدام ثنائي الاتجاه</p>
<p>نسيج ناعم غير مهترئ</p>
<p>52 كثافة نسج الأسلاك</p>
<p>غطاء اللحاف: 200x220 سم (قطعة واحدة)</p>
<p>كيس وسادة دولاب الموازنة: 50x70 سم (قطعتان)</p>
<p>بياضات السرير غير متضمنة في المجموعة.</p>
<p>تعليمات الغسيل</p>
<p>يوصى بالغسيل عند 30 درجة لا يوجد تبييض يمكن الكي في درجة حرارة متوسطة (150 درجة كحد أقصى) لا يجب القيام بالتجفيف باستخدام التجفيف الجاف.</p>
<p>يمكن إجراء 10 طلبات كحد أقصى لهذا المنتج. يحتفظ مولنا أونلاين بالحق في إلغاء الطلبات التي تزيد عن 10 وحدات.</p>
<p>تم طرح أكثر من 100 سهم للبيع بسعر الحملة.</p>
<p>يحدد البائع سعر بيع المنتج الذي قمت بفحصه.</p>
<p>لم يتم تضمين هذا المنتج في حملة الخصم.</p>
",الأبعاد,200 x 220,,,10,7,1.5,13.5,13.5,غطاء لحاف كبير الحجم,Yataş,https://cdn.dsmcdn.com/ty248/product/media/images/20211116/17/181492781/316264002/1/1_org_zoom.jpg,https://cdn.dsmcdn.com/ty246/product/media/images/20211116/17/181492781/316264002/2/2_org_zoom.jpg,https://cdn.dsmcdn.com/ty247/product/media/images/20211116/17/181492781/316264002/3/3_org_zoom.jpg,https://cdn.dsmcdn.com/ty246/product/media/images/20211116/17/181492781/316264002/4/4_org_zoom.jpg,,,https://public.trendyol.com/discovery-web-productgw-service/api/productDetail/192224460?storefrontId=1&culture=tr-TR&linearVariants=true,199.92
11,56800984-1-0,طقم من غطاء لحاف ووسادة مزدوج بلين 160.02.01.0196.00,"<p>طقم غطاء لحاف مزدوج ووسادة من سارا أندرسون بلين - يشمل الطقم ---- - غطاء لحاف: 200 سم × 220 سم</p>
<p>- كيس وسادة: 50 سم × 70 سم (قطعتان)</p>
<p>- ---- الخامة: 100٪ قطن ---- الملامح ---- - قابل للغسل في الغسالة ، ينصح بغسله على درجة 30 درجة.</p>
<p>- مناسب للاستخدام في المجفف.</p>
<p>- تنظيف جاف.</p>
<p>- مناسب للكي.</p>
<p>يمكن إجراء 10 طلبات كحد أقصى لهذا المنتج. يحتفظ مولنا أونلاين بالحق في إلغاء الطلبات التي تزيد عن 10 وحدات.</p>
<p>تم طرح أكثر من 50 سهماً للبيع بسعر الحملة.</p>
<p>يحدد البائع سعر بيع المنتج الذي قمت بفحصه.</p>
<p>لم يتم تضمين هذا المنتج في حملة الخصم.</p>
",الأبعاد,160 x 220,,,10,7,1.5,12.15,12.15,غطاء لحاف كبير الحجم,Sarah Anderson,https://cdn.dsmcdn.com/ty19/product/media/images/20201104/10/22142304/100563536/1/1_org_zoom.jpg,,,,,,https://public.trendyol.com/discovery-web-productgw-service/api/productDetail/56800984?storefrontId=1&culture=tr-TR&linearVariants=true,179.99
12,57601346-1-0,طقم من غطاء لحاف وغطاء وسادة مزدوج أزرق Lanika 160.02.01.0192.00,"<p>مجموعة غطاء لحاف ووسادة مزدوج أزرق من Sarah Anderson Lanika - محتويات المجموعة ---- - غطاء لحاف: 200 سم × 220 سم</p>
<p>- كيس وسادة: 50 سم × 70 سم (قطعتان)</p>
<p>- ---- الخامة: 100٪ قطن ---- المميزات ---- - قابل للغسل في الغسالة ، ينصح بغسله في درجة حرارة 30 مئوية.</p>
<p>- مناسب للاستخدام في المجفف.</p>
<p>- تنظيف جاف.</p>
<p>- مناسب للكي.</p>
<p>يمكن إجراء 10 طلبات كحد أقصى لهذا المنتج. يحتفظ مولنا أونلاين بالحق في إلغاء الطلبات التي تزيد عن 10 وحدات.</p>
<p>يتم عرض أكثر من 10 أسهم للبيع بسعر الحملة.</p>
<p>يحدد البائع سعر بيع المنتج الذي قمت بفحصه.</p>
<p>يمكن بيع المنتج من قبل أكثر من بائع واحد. يصبح البائع الذي حصل على أعلى الدرجات وفقًا لميزة السعر وسرعة التسليم ومعدلات الإرجاع وجودة الخدمة العامة ، مع مراعاة رضا المستهلك في قائمة المنتجات وصفحات التفاصيل ، هو البائع المرئي. البائعون الآخرون مدرجون كبدائل في صفحة تفاصيل المنتج.</p>
<p>السعر المدرج صالح حتى 23 مارس 2022.</p>
",الأبعاد,200x220,,,10,7,1.5,11.61,13.16,غطاء لحاف كبير الحجم,Sarah Anderson,https://cdn.dsmcdn.com/ty353/product/media/images/20220307/18/64191429/102215770/1/1_org_zoom.jpg,https://cdn.dsmcdn.com/ty351/product/media/images/20220307/18/64191429/102215770/2/2_org_zoom.jpg,,,,,https://public.trendyol.com/discovery-web-productgw-service/api/productDetail/57601346?storefrontId=1&culture=tr-TR&linearVariants=true,171.94
13,245176821-1-Kahverengi,غطاء لحاف قطن اكسترا كينج من سيكريت جاردن 260x240 سم بني 10034368,"<p>يمكن إجراء 10 طلبات كحد أقصى لهذا المنتج. يحتفظ مولنا أونلاين بالحق في إلغاء الطلبات التي تزيد عن 10 وحدات.</p>
<p>يتم عرض أكثر من 10 أسهم للبيع بسعر الحملة.</p>
<p>يحدد البائع سعر بيع المنتج الذي قمت بفحصه.</p>
<p>لم يتم تضمين هذا المنتج في حملة الخصم.</p>
",الأبعاد,260 x 220,,,10,7,1.5,12.15,12.15,غطاء لحاف كبير الحجم,English Home,https://cdn.dsmcdn.com/ty337/product/media/images/20220221/16/54691590/393430612/1/1_org_zoom.jpg,https://cdn.dsmcdn.com/ty337/product/media/images/20220221/16/54691590/393430612/2/2_org_zoom.jpg,https://cdn.dsmcdn.com/ty338/product/media/images/20220221/16/54691590/393430612/3/3_org_zoom.jpg,,,,https://public.trendyol.com/discovery-web-productgw-service/api/productDetail/245176821?storefrontId=1&culture=tr-TR&linearVariants=true,179.99
14,170113007-1-Renkli,طقم غطاء لحاف مزدوج رانفورس رمادي ملكي 153-99-1081,"<p>Zeynep Tekstil Royal Grey Double Ranforce طقم غطاء لحاف ## بياضات السرير غير متضمنة في مجموعات أغطية اللحاف !! محتويات العبوة: قطعة واحدة من غطاء لحاف 200x220 سم وقطعتين من أكياس وسادات مقاس 50x70 سم محتويات المنتج: 100٪ قطن 57 سلك Ranforce مجموعات أغطية اللحاف ، والتي يمكنك استخدامها لسنوات عديدة بفضل متانتها وبنيتها الخالية من التجاعيد ، سريعة تجفيف وسهل الكي. من السهل الحفاظ عليها. إنه خفيف. نفاذية الهواء متاحة. استخدمه دون أن يتلاشى ويتآكل مثل اليوم الأول ، حتى بعد عشرات الغسيل ، بجودة طباعة بالمعايير الأوروبية.</p>
<p>يمكن طلب 5 قطع كحد أقصى من هذا المنتج. يحتفظ مولنا أونلاين بالحق في إلغاء الطلبات التي تزيد عن 5 وحدات.</p>
<p>يتم عرض أكثر من 10 أسهم للبيع بسعر الحملة.</p>
<p>يحدد البائع سعر بيع المنتج الذي قمت بفحصه.</p>
<p>لم يتم تضمين هذا المنتج في حملة الخصم.</p>
",الأبعاد,200x220,,,10,7,1.5,8.09,8.09,غطاء لحاف كبير الحجم,Zeynep Tekstil,https://cdn.dsmcdn.com/ty214/product/media/images/20211028/2/158169925/277660621/1/1_org_zoom.jpg,https://cdn.dsmcdn.com/ty214/product/media/images/20211028/2/158169925/277660621/2/2_org_zoom.jpg,https://cdn.dsmcdn.com/ty213/product/media/images/20211028/2/158169925/277660621/3/3_org_zoom.jpg,https://cdn.dsmcdn.com/ty215/product/media/images/20211028/2/158169925/277660621/4/4_org_zoom.jpg,https://cdn.dsmcdn.com/ty215/product/media/images/20211028/2/158169925/277660621/5/5_org_zoom.jpg,https://cdn.dsmcdn.com/ty214/product/media/images/20211028/2/158169925/277660621/6/6_org_zoom.jpg,https://public.trendyol.com/discovery-web-productgw-service/api/productDetail/170113007?storefrontId=1&culture=tr-TR&linearVariants=true,119.9
15,77794206-1-None,ستيلا لايت بلو دبل 4-سيزون بيكيه 201.16.01.0146,"<p>Karaca Home Stella Light Blue Double 4-Season Pike ---- المحتوى ---- -</p>
<p>بيكيه مزدوج 4 مواسم: 200 سم × 220 سم</p>
<p>---- المواد: 100٪ قطن ---- المواصفات ---- -</p>
<p>قابل للغسل في الغسالة ، موصى بالغسل عند 30 درجة.</p>
<p>يتم التنظيف الجاف.</p>
<p>يمكن إجراء 10 طلبات كحد أقصى لهذا المنتج. يحتفظ مولنا أونلاين بالحق في إلغاء الطلبات التي تزيد عن 10 وحدات.</p>
<p>يتم عرض أكثر من 10 أسهم للبيع بسعر الحملة.</p>
<p>يحدد البائع سعر بيع المنتج الذي قمت بفحصه.</p>
<p>يمكن بيع المنتج من قبل أكثر من بائع واحد. يصبح البائع الذي حصل على أعلى الدرجات وفقًا لميزة السعر وسرعة التسليم ومعدلات الإرجاع وجودة الخدمة العامة ، مع مراعاة رضا المستهلك في قائمة المنتجات وصفحات التفاصيل ، هو البائع المرئي. البائعون الآخرون مدرجون كبدائل في صفحة تفاصيل المنتج.</p>
<p>السعر المدرج صالح حتى 28 مارس 2022.</p>
",الأبعاد,200 x 220,,,10,7,1.5,9.08,9.62,غطاء لحاف كبير الحجم,Karaca Home,https://cdn.dsmcdn.com/ty57/product/media/images/20210120/17/55581647/132387195/0/0_org_zoom.jpg,https://cdn.dsmcdn.com/ty57/product/media/images/20210120/17/55581647/132387195/1/1_org_zoom.jpg,,,,,https://public.trendyol.com/discovery-web-productgw-service/api/productDetail/77794206?storefrontId=1&culture=tr-TR&linearVariants=true,134.48
16,120931488-1-None,طقم غطاء لحاف ناضج مزدوج مثلث رمادي EP-025993,"<p>غطاء اللحاف: 200x220 سم</p>
<p>كيس وسادة: 50 × 70 سم (قطعتان)</p>
<p>65٪ قطن 35٪ قشر</p>
<p>بفضل غطاء اللحاف ذي الأزرار ، يمكن تمرير اللحاف السهل والسريع</p>
<p>يتكون محتوى العبوة من 3 قطع من المنتج</p>
<p>طقم غطاء لحاف + غطاء وسادة</p>
<p>لا توجد ورقة في المجموعة</p>
<p>سهل الكي ، يجف بسرعة ، لا يتدفق</p>
<p>يمكن طلب 5 قطع كحد أقصى من هذا المنتج. يحتفظ مولنا أونلاين بالحق في إلغاء الطلبات التي تزيد عن 5 وحدات.</p>
<p>يتم عرض أكثر من 10 أسهم للبيع بسعر الحملة.</p>
<p>يحدد البائع سعر بيع المنتج الذي قمت بفحصه.</p>
<p>السعر المدرج صالح حتى 28 مارس 2022.</p>
<p>لم يتم تضمين هذا المنتج في حملة الخصم.</p>
",الأبعاد,200 x 220,,,10,7,1.5,10.8,10.8,غطاء لحاف كبير الحجم,Ev & Ev Home,https://cdn.dsmcdn.com/ty138/product/media/images/20210629/17/105577037/194621209/1/1_org_zoom.jpg,,,,,,https://public.trendyol.com/discovery-web-productgw-service/api/productDetail/120931488?storefrontId=1&culture=tr-TR&linearVariants=true,159.9
17,192317025-1-Mavi,طقم غطاء لحاف مزدوج كواترو 153-99-1110,"<p>طقم غطاء لحاف مزدوج Quatro ## بياضات السرير غير متضمنة في مجموعات أغطية اللحاف !! محتويات العبوة: قطعة واحدة من غطاء لحاف 200x220 سم قطعتان من أكياس وسادات قابلة للانعكاس مقاس 50x70 سم. مجموعات أغطية اللحاف الخاصة بنا ، والتي يمكنك استخدامها لسنوات عديدة بفضل متانتها وهيكلها الخالي من التجاعيد ، سريعة الجفاف وسهلة الكي. من السهل الحفاظ عليها. إنه خفيف. نفاذية الهواء متاحة. استخدمه دون أن يتلاشى ويتآكل مثل اليوم الأول ، حتى بعد عشرات الغسيل ، بجودة طباعة بالمعايير الأوروبية.</p>
<p>يمكن إجراء 10 طلبات كحد أقصى لهذا المنتج. يحتفظ مولنا أونلاين بالحق في إلغاء الطلبات التي تزيد عن 10 وحدات.</p>
<p>تم طرح أكثر من 100 سهم للبيع بسعر الحملة.</p>
<p>يحدد البائع سعر بيع المنتج الذي قمت بفحصه.</p>
<p>السعر المدرج صالح حتى 28 مارس 2022.</p>
<p>لم يتم تضمين هذا المنتج في حملة الخصم.</p>
",الأبعاد,200x220,,,10,7,1.5,8.09,8.09,غطاء لحاف كبير الحجم,Dream Time,https://cdn.dsmcdn.com/ty247/product/media/images/20211116/22/181593087/316481030/1/1_org_zoom.jpg,https://cdn.dsmcdn.com/ty246/product/media/images/20211116/22/181593087/316481030/2/2_org_zoom.jpg,https://cdn.dsmcdn.com/ty248/product/media/images/20211116/22/181593087/316481030/3/3_org_zoom.jpg,https://cdn.dsmcdn.com/ty248/product/media/images/20211116/22/181593087/316481030/4/4_org_zoom.jpg,https://cdn.dsmcdn.com/ty246/product/media/images/20211116/22/181593087/316481030/5/5_org_zoom.jpg,https://cdn.dsmcdn.com/ty247/product/media/images/20211116/22/181593087/316481030/6/6_org_zoom.jpg,https://public.trendyol.com/discovery-web-productgw-service/api/productDetail/192317025?storefrontId=1&culture=tr-TR&linearVariants=true,119.9
18,192223884-1-Indigo,لوبين رانفورس طقم غطاء لحاف مزدوج - نيلي YTSGRPIST-1428496,"<p>تضفي مجموعة أغطية لحاف لوبين رانفورس جماليات الخريف الطبيعية والأصلية على غرف النوم بلمسة أنيقة من درجات اللون الأزرق. محتويات ومميزات الطقم نسيج قطني 100٪ لا يتعرق</p>
<p>استخدام ثنائي الاتجاه</p>
<p>نسيج ناعم غير مهترئ</p>
<p>52 كثافة نسج الأسلاك</p>
<p>غطاء اللحاف: 200x220 سم (قطعة واحدة)</p>
<p>كيس وسادة دولاب الموازنة: 50x70 سم (قطعتان)</p>
<p>بياضات السرير غير متضمنة في المجموعة.</p>
<p>تعليمات الغسيل</p>
<p>يوصى بالغسيل عند 30 درجة لا يوجد تبييض يمكن الكي في درجة حرارة متوسطة (150 درجة كحد أقصى) لا يجب القيام بالتجفيف باستخدام التجفيف الجاف.</p>
<p>يمكن إجراء 10 طلبات كحد أقصى لهذا المنتج. يحتفظ مولنا أونلاين بالحق في إلغاء الطلبات التي تزيد عن 10 وحدات.</p>
<p>تم طرح أكثر من 100 سهم للبيع بسعر الحملة.</p>
<p>يحدد البائع سعر بيع المنتج الذي قمت بفحصه.</p>
<p>لم يتم تضمين هذا المنتج في حملة الخصم.</p>
",الأبعاد,200 x 220,,,10,7,1.5,13.5,13.5,غطاء لحاف كبير الحجم,Yataş,https://cdn.dsmcdn.com/ty335/product/media/images/20220217/11/51626262/316263126/1/1_org_zoom.jpg,https://cdn.dsmcdn.com/ty335/product/media/images/20220217/11/51626262/316263126/2/2_org_zoom.jpg,https://cdn.dsmcdn.com/ty333/product/media/images/20220217/11/51626262/316263126/3/3_org_zoom.jpg,,,,https://public.trendyol.com/discovery-web-productgw-service/api/productDetail/192223884?storefrontId=1&culture=tr-TR&linearVariants=true,199.92
19,245023124-1-Beyaz,غطاء لحاف قطن إكسترا كينج سادة 260x240 سم أبيض 10034371,"<p>غطاء اللحاف قطعة واحدة مقاس 260x240 سم يغسل بالمقلوب عند 30 درجة في الغسالة ويمكن تجفيفه في المجفف على درجة حرارة منخفضة ويمكن الكي بدرجة حرارة متوسطة. النمط: عادي اللون: أبيض المقاس: 260x240 سم المجموعة / الموضوع: دائرة الحياة تكوين المنتج: 100٪ قطن وصف المنتج: Extra king المادة: القطن النسيج: القطن مكان الصنع: تركيا جودة المنتج: 57 سلك / 144 عدد الخيوط رمز المنتج : 10034371001 الباركود المنتج: 8680887471197 قابل للكيّ قابل للغسل يدويًا في الغسالة قابل للغسل لا يمكن التنظيف الجاف</p>
<p>يمكن إجراء 10 طلبات كحد أقصى لهذا المنتج. يحتفظ مولنا أونلاين بالحق في إلغاء الطلبات التي تزيد عن 10 وحدات.</p>
<p>تم طرح أكثر من 50 سهماً للبيع بسعر الحملة.</p>
<p>يحدد البائع سعر بيع المنتج الذي قمت بفحصه.</p>
<p>لم يتم تضمين هذا المنتج في حملة الخصم.</p>
",الأبعاد,260 x 220,,,10,7,1.5,12.15,12.15,غطاء لحاف كبير الحجم,English Home,https://cdn.dsmcdn.com/ty338/product/media/images/20220221/10/54530861/393112987/1/1_org_zoom.jpg,https://cdn.dsmcdn.com/ty336/product/media/images/20220221/10/54530861/393112987/2/2_org_zoom.jpg,https://cdn.dsmcdn.com/ty336/product/media/images/20220221/10/54530861/393112987/3/3_org_zoom.jpg,,,,https://public.trendyol.com/discovery-web-productgw-service/api/productDetail/245023124?storefrontId=1&culture=tr-TR&linearVariants=true,179.99
20,244983181-1-Mürdüm,وايلد بانسيز غطاء لحاف قطن اكسترا كينج 260x240 سم بلوم 10034369,"<p>غطاء اللحاف قطعة واحدة 260x240 سم يغسل بالمقلوب في الغسالة على درجة حرارة 30 درجة ويمكن تجفيفه في المجفف على درجة حرارة منخفضة ويمكن الكي بدرجة حرارة متوسطة. النمط: الزهريات البرية اللون: أرجواني المقاس: 260 × 240 سم المجموعة / الموضوع: دائرة الحياة تكوين المنتج: 100٪ قطن وصف المنتج: مادة كينج إضافية: نسيج قطني: قطن مكان التصنيع: تركيا جودة المنتج: 57 TEL / 144 THREAD COUNT المنتج كود المنتج: 10034369001 الباركود: 8680887471159 قابل للكي وغسل في الغسالة قابل للغسل وليس التنظيف الجاف</p>
<p>يمكن إجراء 10 طلبات كحد أقصى لهذا المنتج. يحتفظ مولنا أونلاين بالحق في إلغاء الطلبات التي تزيد عن 10 وحدات.</p>
<p>تم طرح أكثر من 5 أسهم للبيع بسعر الحملة.</p>
<p>يحدد البائع سعر بيع المنتج الذي قمت بفحصه.</p>
<p>لم يتم تضمين هذا المنتج في حملة الخصم.</p>
",الأبعاد,260 x 220,,,10,7,1.5,12.15,12.15,غطاء لحاف كبير الحجم,English Home,https://cdn.dsmcdn.com/ty337/product/media/images/20220221/10/54494196/393039653/1/1_org_zoom.jpg,https://cdn.dsmcdn.com/ty338/product/media/images/20220221/10/54494196/393039653/2/2_org_zoom.jpg,https://cdn.dsmcdn.com/ty338/product/media/images/20220221/10/54494196/393039653/3/3_org_zoom.jpg,,,,https://public.trendyol.com/discovery-web-productgw-service/api/productDetail/244983181?storefrontId=1&culture=tr-TR&linearVariants=true,179.99
21,189550663-1-Turkuaz,طقم غطاء لحاف مزدوج منقوش من 4 قطع من Motif 200x220-تركواز M0012544,"<p>المنتج مصنوع من 65٪ قطن و 35٪ بوليستر (57 سلك / سم 2).</p>
<p>تتضمن العبوة - غطاء لحاف: 200x220 سم / شرشف مسطح: 200x240 سم / كيس وسادة: 50x70 سم (قطعتان)</p>
<p>تعليمات العناية</p>
<p>قابل للغسل بالغسالة: حد أقصى 30 درجة.</p>
<p>اغسله في الغسالة بقلبه من الداخل للخارج.</p>
<p>لا تبقي الآلة رطبة.</p>
<p>لا يستخدم التبييض.</p>
<p>لا آلة تجفيف</p>
<p>قابل للكي: متوسط</p>
<p>تنظيف جاف.</p>
<p>يمكن إجراء 10 طلبات كحد أقصى لهذا المنتج. يحتفظ مولنا أونلاين بالحق في إلغاء الطلبات التي تزيد عن 10 وحدات.</p>
<p>تم طرح أكثر من 100 سهم للبيع بسعر الحملة.</p>
<p>يحدد البائع سعر بيع المنتج الذي قمت بفحصه.</p>
<p>السعر المدرج صالح حتى 28 مارس 2022.</p>
<p>لم يتم تضمين هذا المنتج في حملة الخصم.</p>
",الأبعاد,200 x 220,,,10,7,1.5,13.18,13.18,غطاء لحاف كبير الحجم,Mulberry,https://cdn.dsmcdn.com/ty244/product/media/images/20211113/16/178685708/311534286/1/1_org_zoom.jpg,https://cdn.dsmcdn.com/ty245/product/media/images/20211113/16/178685708/311534286/2/2_org_zoom.jpg,,,,,https://public.trendyol.com/discovery-web-productgw-service/api/productDetail/189550663?storefrontId=1&culture=tr-TR&linearVariants=true,195.2
22,2829836-1-None,طقم غطاء لحاف مزدوج سهل الكي كريم تونيكا EP-015714,"<p>غطاء لحاف: 200x220 سم (قطعة واحدة مع زر)</p>
<p>ملاءة مسطحة 220x240 سم (قطعة واحدة)</p>
<p>كيس وسادة الأمراض المنقولة جنسياً: 50x70 (قطعتان)</p>
<p>65٪ قطن 35٪ قشر</p>
<p>تتميز بميزة كي سهلة.</p>
<p>لا توجد مشكله انكماش و جريان بعد الغسيل.</p>
<p>ممزوج بالقطن سهل العناية.</p>
<p>نفاذية الهواء الخفيف.</p>
<p>يجف بسرعة ويسهل تسويته.</p>
<p>يتكون محتوى العبوة من 4 أجزاء.</p>
<p>يمكن طلب 5 قطع كحد أقصى من هذا المنتج. يحتفظ مولنا أونلاين بالحق في إلغاء الطلبات التي تزيد عن 5 وحدات.</p>
<p>تم طرح أكثر من 50 سهماً للبيع بسعر الحملة.</p>
<p>يحدد البائع سعر بيع المنتج الذي قمت بفحصه.</p>
<p>السعر المدرج صالح حتى 28 مارس 2022.</p>
",الأبعاد,200 x 220,,,10,7,1.5,10.8,10.8,غطاء لحاف كبير الحجم,Ev & Ev Home,https://cdn.dsmcdn.com/ty99/product/media/images/20210407/00/034c9d20/13624293/1/1_org_zoom.jpg,,,,,,https://public.trendyol.com/discovery-web-productgw-service/api/productDetail/2829836?storefrontId=1&culture=tr-TR&linearVariants=true,159.9
